6, 2
0.98, 14.50, 94.00, 10.25, 0.00, 0.00, 5.55, 1.33
0.98, 14.50, 94.00, 10.25, 0.00, 0.00, 5.55, 1.33
0.98, 14.50, 94.00, 10.25, 0.00, 0.00, 5.55, 1.33
0.98, 14.50, 94.00, 10.25, 0.00, 0.00, 5.55, 1.33
0.90, 63.50, 18.50, 22.50, 0.00, 0.00, 0.84, 8.28
0.90, 63.50, 18.50, 22.50, 0.00, 0.00, 1.46, 5.38
0.90, 63.50, 18.50, 22.50, 0.00, 0.00, 0.71, 5.16
0.90, 63.50, 18.50, 22.50, 0.00, 0.00, 9.68, 9.60
0.86, 88.00, 94.00, 47.00, 0.00, 0.00, 9.50, 7.30
0.86, 88.00, 94.00, 47.00, 0.00, 0.00, 9.95, 1.97
0.86, 88.00, 94.00, 47.00, 0.00, 0.00, 9.34, 3.49
0.86, 88.00, 94.00, 47.00, 0.00, 0.00, 8.31, 7.87
0.82, 12.50, 18.50, 47.00, 0.00, 0.00, 7.05, 3.77
0.82, 12.50, 18.50, 47.00, 0.00, 0.00, 7.41, 1.46
0.82, 12.50, 18.50, 47.00, 0.00, 0.00, 6.95, 1.16
0.82, 12.50, 18.50, 47.00, 0.00, 0.00, 5.98, 4.93
0.79, 37.00, 43.00, 47.00, 0.00, 0.00, 8.52, 7.73
0.79, 37.00, 43.00, 47.00, 0.00, 0.00, 9.90, 1.27
0.79, 37.00, 43.00, 47.00, 0.00, 0.00, 9.63, 0.93
0.79, 37.00, 43.00, 47.00, 0.00, 0.00, 8.75, 9.44
0.76, 61.50, 16.50, 22.50, 0.00, 0.00, 4.77, 9.79
0.76, 61.50, 16.50, 22.50, 0.00, 0.00, 3.93, 9.68
0.76, 61.50, 16.50, 22.50, 0.00, 0.00, 4.77, 9.79
0.76, 61.50, 16.50, 22.50, 0.00, 0.00, 3.93, 9.40
0.74, 86.00, 45.00, 20.50, 0.50, 0.00, 0.07, 0.90
0.74, 86.00, 45.00, 20.50, 0.50, 0.00, 0.05, 1.19
0.74, 86.00, 45.00, 20.50, 0.50, 0.00, 0.01, 0.94
0.74, 86.00, 45.00, 20.50, 0.50, 0.00, 0.04, 1.17
0.71, 10.50, 69.50, 20.50, 0.50, 0.00, 0.37, 1.27
0.71, 10.50, 69.50, 20.50, 0.50, 0.00, 0.40, 1.72
0.71, 10.50, 69.50, 20.50, 0.50, 0.00, 0.37, 1.29
0.71, 10.50, 69.50, 20.50, 0.50, 0.00, 0.40, 1.67
0.69, 35.00, 94.00, 20.50, 0.50, 0.00, 0.85, 1.74
0.69, 35.00, 94.00, 20.50, 0.50, 0.00, 0.79, 2.05
0.69, 35.00, 94.00, 20.50, 0.50, 0.00, 0.77, 1.73
0.69, 35.00, 94.00, 20.50, 0.50, 0.00, 0.81, 1.93
0.66, 59.50, 18.50, 20.50, 0.50, 0.00, 0.18, 2.40
0.66, 59.50, 18.50, 20.50, 0.50, 0.00, 0.10, 2.23
0.66, 59.50, 18.50, 20.50, 0.50, 0.00, 0.10, 2.40
0.66, 59.50, 18.50, 20.50, 0.50, 0.00, 0.10, 2.14
0.64, 84.00, 43.00, 20.50, 0.50, 0.00, 0.85, 6.78
0.64, 84.00, 43.00, 20.50, 0.50, 0.00, 0.54, 6.80
0.64, 84.00, 43.00, 20.50, 0.50, 0.00, 0.77, 6.75
0.64, 84.00, 43.00, 20.50, 0.50, 0.00, 0.56, 6.67
0.62, 08.50, 67.50, 20.50, 0.50, 0.00, 0.60, 2.07
0.62, 08.50, 67.50, 20.50, 0.50, 0.00, 0.49, 2.22
0.62, 08.50, 67.50, 20.50, 0.50, 0.00, 0.45, 2.08
0.62, 08.50, 67.50, 20.50, 0.50, 0.00, 0.50, 2.04
0.98, 14.50, 94.00, 10.25, 0.00, 0.10, 4.58, 6.47
0.98, 14.50, 94.00, 10.25, 0.00, 0.10, 4.63, 6.37
0.98, 14.50, 94.00, 10.25, 0.00, 0.10, 4.63, 6.44
0.98, 14.50, 94.00, 10.25, 0.00, 0.10, 4.59, 6.29
0.90, 63.50, 18.50, 22.50, 0.00, 0.10, 9.03, 2.92
0.90, 63.50, 18.50, 22.50, 0.00, 0.10, 9.87, 9.87
0.90, 63.50, 18.50, 22.50, 0.00, 0.10, 9.14, 9.58
0.90, 63.50, 18.50, 22.50, 0.00, 0.10, 8.09, 4.33
0.86, 88.00, 94.00, 47.00, 0.00, 0.10, 6.28, 0.89
0.86, 88.00, 94.00, 47.00, 0.00, 0.10, 6.91, 5.60
0.86, 88.00, 94.00, 47.00, 0.00, 0.10, 6.37, 7.03
0.86, 88.00, 94.00, 47.00, 0.00, 0.10, 5.27, 1.73
0.82, 12.50, 18.50, 47.00, 0.00, 0.10, 3.53, 7.31
0.82, 12.50, 18.50, 47.00, 0.00, 0.10, 4.03, 4.91
0.82, 12.50, 18.50, 47.00, 0.00, 0.10, 3.54, 4.61
0.82, 12.50, 18.50, 47.00, 0.00, 0.10, 2.58, 8.51
0.79, 37.00, 43.00, 47.00, 0.00, 0.10, 5.56, 1.68
0.79, 37.00, 43.00, 47.00, 0.00, 0.10, 7.12, 5.28
0.79, 37.00, 43.00, 47.00, 0.00, 0.10, 6.90, 4.43
0.79, 37.00, 43.00, 47.00, 0.00, 0.10, 5.94, 3.33
0.76, 61.50, 16.50, 22.50, 0.00, 0.10, 2.96, 3.87
0.76, 61.50, 16.50, 22.50, 0.00, 0.10, 2.12, 4.07
0.76, 61.50, 16.50, 22.50, 0.00, 0.10, 2.94, 4.14
0.76, 61.50, 16.50, 22.50, 0.00, 0.10, 2.21, 3.67
0.74, 86.00, 45.00, 20.50, 0.50, 0.10, 0.36, 3.43
0.74, 86.00, 45.00, 20.50, 0.50, 0.10, 0.43, 3.71
0.74, 86.00, 45.00, 20.50, 0.50, 0.10, 0.36, 3.48
0.74, 86.00, 45.00, 20.50, 0.50, 0.10, 0.39, 3.70
0.71, 10.50, 69.50, 20.50, 0.50, 0.10, 0.71, 3.80
0.71, 10.50, 69.50, 20.50, 0.50, 0.10, 0.80, 4.28
0.71, 10.50, 69.50, 20.50, 0.50, 0.10, 0.70, 3.87
0.71, 10.50, 69.50, 20.50, 0.50, 0.10, 0.75, 4.27
0.69, 35.00, 94.00, 20.50, 0.50, 0.10, 1.11, 4.28
0.69, 35.00, 94.00, 20.50, 0.50, 0.10, 1.13, 4.61
0.69, 35.00, 94.00, 20.50, 0.50, 0.10, 1.09, 4.30
0.69, 35.00, 94.00, 20.50, 0.50, 0.10, 1.16, 4.45
0.66, 59.50, 18.50, 20.50, 0.50, 0.10, 1.68, 3.90
0.66, 59.50, 18.50, 20.50, 0.50, 0.10, 1.69, 3.72
0.66, 59.50, 18.50, 20.50, 0.50, 0.10, 1.70, 3.88
0.66, 59.50, 18.50, 20.50, 0.50, 0.10, 1.69, 3.65
0.64, 84.00, 43.00, 20.50, 0.50, 0.10, 5.41, 9.37
0.64, 84.00, 43.00, 20.50, 0.50, 0.10, 5.20, 9.43
0.64, 84.00, 43.00, 20.50, 0.50, 0.10, 5.42, 9.34
0.64, 84.00, 43.00, 20.50, 0.50, 0.10, 5.21, 9.32
0.62, 08.50, 67.50, 20.50, 0.50, 0.10, 2.96, 4.34
0.62, 08.50, 67.50, 20.50, 0.50, 0.10, 2.97, 4.50
0.62, 08.50, 67.50, 20.50, 0.50, 0.10, 2.93, 4.33
0.62, 08.50, 67.50, 20.50, 0.50, 0.10, 3.02, 4.27
0.98, 14.50, 94.00, 10.25, 0.00, 0.10, 4.29, 5.95
0.98, 14.50, 94.00, 10.25, 0.00, 0.10, 4.31, 5.63
0.98, 14.50, 94.00, 10.25, 0.00, 0.10, 4.13, 6.13
0.98, 14.50, 94.00, 10.25, 0.00, 0.10, 4.25, 5.89
0.90, 63.50, 18.50, 22.50, 0.00, 0.10, 8.88, 2.54
0.90, 63.50, 18.50, 22.50, 0.00, 0.10, 9.68, 9.44
0.90, 63.50, 18.50, 22.50, 0.00, 0.10, 8.83, 9.36
0.90, 63.50, 18.50, 22.50, 0.00, 0.10, 7.90, 4.20
0.86, 88.00, 94.00, 47.00, 0.00, 0.10, 6.48, 0.91
0.86, 88.00, 94.00, 47.00, 0.00, 0.10, 7.02, 5.63
0.86, 88.00, 94.00, 47.00, 0.00, 0.10, 6.33, 7.36
0.86, 88.00, 94.00, 47.00, 0.00, 0.10, 5.36, 1.90
0.82, 12.50, 18.50, 47.00, 0.00, 0.10, 3.75, 7.38
0.82, 12.50, 18.50, 47.00, 0.00, 0.10, 4.23, 5.02
0.82, 12.50, 18.50, 47.00, 0.00, 0.10, 3.67, 4.80
0.82, 12.50, 18.50, 47.00, 0.00, 0.10, 2.79, 8.79
0.79, 37.00, 43.00, 47.00, 0.00, 0.10, 5.65, 1.07
0.79, 37.00, 43.00, 47.00, 0.00, 0.10, 7.26, 4.62
0.79, 37.00, 43.00, 47.00, 0.00, 0.10, 6.97, 3.87
0.79, 37.00, 43.00, 47.00, 0.00, 0.10, 6.03, 2.86
0.76, 61.50, 16.50, 22.50, 0.00, 0.10, 3.16, 3.91
0.76, 61.50, 16.50, 22.50, 0.00, 0.10, 2.40, 4.07
0.76, 61.50, 16.50, 22.50, 0.00, 0.10, 3.12, 4.17
0.76, 61.50, 16.50, 22.50, 0.00, 0.10, 2.41, 3.78
0.74, 86.00, 45.00, 20.50, 0.50, 0.10, 0.42, 3.39
0.74, 86.00, 45.00, 20.50, 0.50, 0.10, 0.46, 3.72
0.74, 86.00, 45.00, 20.50, 0.50, 0.10, 0.32, 3.57
0.74, 86.00, 45.00, 20.50, 0.50, 0.10, 0.45, 3.79
0.71, 10.50, 69.50, 20.50, 0.50, 0.10, 0.64, 3.67
0.71, 10.50, 69.50, 20.50, 0.50, 0.10, 0.72, 4.11
0.71, 10.50, 69.50, 20.50, 0.50, 0.10, 0.55, 3.80
0.71, 10.50, 69.50, 20.50, 0.50, 0.10, 0.68, 4.21
0.69, 35.00, 94.00, 20.50, 0.50, 0.10, 1.45, 3.20
0.69, 35.00, 94.00, 20.50, 0.50, 0.10, 1.46, 3.54
0.69, 35.00, 94.00, 20.50, 0.50, 0.10, 1.32, 3.32
0.69, 35.00, 94.00, 20.50, 0.50, 0.10, 1.49, 3.51
0.66, 59.50, 18.50, 20.50, 0.50, 0.10, 1.45, 4.86
0.66, 59.50, 18.50, 20.50, 0.50, 0.10, 1.42, 4.75
0.66, 59.50, 18.50, 20.50, 0.50, 0.10, 1.33, 5.00
0.66, 59.50, 18.50, 20.50, 0.50, 0.10, 1.43, 4.74
0.64, 84.00, 43.00, 20.50, 0.50, 0.10, 5.41, 9.23
0.64, 84.00, 43.00, 20.50, 0.50, 0.10, 5.18, 9.34
0.64, 84.00, 43.00, 20.50, 0.50, 0.10, 5.34, 9.32
0.64, 84.00, 43.00, 20.50, 0.50, 0.10, 5.19, 9.30
0.62, 08.50, 67.50, 20.50, 0.50, 0.10, 2.88, 4.37
0.62, 08.50, 67.50, 20.50, 0.50, 0.10, 3.00, 4.57
0.62, 08.50, 67.50, 20.50, 0.50, 0.10, 2.97, 4.27
0.62, 08.50, 67.50, 20.50, 0.50, 0.10, 3.04, 4.24
0.98, 14.50, 94.00, 10.25, 0.00, 0.10, 4.28, 5.68
0.98, 14.50, 94.00, 10.25, 0.00, 0.10, 4.40, 6.02
0.98, 14.50, 94.00, 10.25, 0.00, 0.10, 4.11, 5.84
0.98, 14.50, 94.00, 10.25, 0.00, 0.10, 4.35, 6.14
0.90, 63.50, 18.50, 22.50, 0.00, 0.10, 8.07, 4.14
0.90, 63.50, 18.50, 22.50, 0.00, 0.10, 9.01, 2.85
0.90, 63.50, 18.50, 22.50, 0.00, 0.10, 9.62, 0.08
0.90, 63.50, 18.50, 22.50, 0.00, 0.10, 9.05, 9.67
0.86, 88.00, 94.00, 47.00, 0.00, 0.10, 5.41, 1.73
0.86, 88.00, 94.00, 47.00, 0.00, 0.10, 6.47, 1.01
0.86, 88.00, 94.00, 47.00, 0.00, 0.10, 6.89, 5.90
0.86, 88.00, 94.00, 47.00, 0.00, 0.10, 6.46, 7.40
0.82, 12.50, 18.50, 47.00, 0.00, 0.10, 2.93, 8.68
0.82, 12.50, 18.50, 47.00, 0.00, 0.10, 3.84, 7.54
0.82, 12.50, 18.50, 47.00, 0.00, 0.10, 4.17, 5.35
0.82, 12.50, 18.50, 47.00, 0.00, 0.10, 3.87, 4.93
0.79, 37.00, 43.00, 47.00, 0.00, 0.10, 5.78, 3.12
0.79, 37.00, 43.00, 47.00, 0.00, 0.10, 5.48, 1.22
0.79, 37.00, 43.00, 47.00, 0.00, 0.10, 6.97, 5.10
0.79, 37.00, 43.00, 47.00, 0.00, 0.10, 6.70, 4.29
0.76, 61.50, 16.50, 22.50, 0.00, 0.10, 2.52, 3.85
0.76, 61.50, 16.50, 22.50, 0.00, 0.10, 3.28, 4.11
0.76, 61.50, 16.50, 22.50, 0.00, 0.10, 2.33, 4.48
0.76, 61.50, 16.50, 22.50, 0.00, 0.10, 3.24, 4.50
0.74, 86.00, 45.00, 20.50, 0.50, 0.10, 0.39, 3.60
0.74, 86.00, 45.00, 20.50, 0.50, 0.10, 0.34, 3.36
0.74, 86.00, 45.00, 20.50, 0.50, 0.10, 0.35, 3.65
0.74, 86.00, 45.00, 20.50, 0.50, 0.10, 0.38, 3.49
0.71, 10.50, 69.50, 20.50, 0.50, 0.10, 0.77, 4.14
0.71, 10.50, 69.50, 20.50, 0.50, 0.10, 0.68, 3.77
0.71, 10.50, 69.50, 20.50, 0.50, 0.10, 0.68, 4.30
0.71, 10.50, 69.50, 20.50, 0.50, 0.10, 0.70, 3.87
0.69, 35.00, 94.00, 20.50, 0.50, 0.10, 1.22, 4.44
0.69, 35.00, 94.00, 20.50, 0.50, 0.10, 1.16, 4.27
0.69, 35.00, 94.00, 20.50, 0.50, 0.10, 1.10, 4.67
0.69, 35.00, 94.00, 20.50, 0.50, 0.10, 1.14, 4.40
0.66, 59.50, 18.50, 20.50, 0.50, 0.10, 1.59, 3.46
0.66, 59.50, 18.50, 20.50, 0.50, 0.10, 1.60, 3.70
0.66, 59.50, 18.50, 20.50, 0.50, 0.10, 1.53, 3.59
0.66, 59.50, 18.50, 20.50, 0.50, 0.10, 1.61, 3.83
0.64, 84.00, 43.00, 20.50, 0.50, 0.10, 5.16, 9.14
0.64, 84.00, 43.00, 20.50, 0.50, 0.10, 5.36, 9.18
0.64, 84.00, 43.00, 20.50, 0.50, 0.10, 5.12, 9.37
0.64, 84.00, 43.00, 20.50, 0.50, 0.10, 5.36, 9.29
0.62, 08.50, 67.50, 20.50, 0.50, 0.10, 2.68, 4.09
0.62, 08.50, 67.50, 20.50, 0.50, 0.10, 2.63, 4.23
0.62, 08.50, 67.50, 20.50, 0.50, 0.10, 2.71, 4.14
0.62, 08.50, 67.50, 20.50, 0.50, 0.10, 2.73, 3.89
0.98, 14.50, 94.00, 10.25, 0.00, 0.10, 4.38, 5.91
0.98, 14.50, 94.00, 10.25, 0.00, 0.10, 4.23, 5.72
0.98, 14.50, 94.00, 10.25, 0.00, 0.10, 4.04, 6.18
0.98, 14.50, 94.00, 10.25, 0.00, 0.10, 4.32, 5.87
0.90, 63.50, 18.50, 22.50, 0.00, 0.10, 9.06, 9.34
0.90, 63.50, 18.50, 22.50, 0.00, 0.10, 8.05, 3.91
0.90, 63.50, 18.50, 22.50, 0.00, 0.10, 8.86, 2.83
0.90, 63.50, 18.50, 22.50, 0.00, 0.10, 9.79, 9.92
0.86, 88.00, 94.00, 47.00, 0.00, 0.10, 6.44, 7.17
0.86, 88.00, 94.00, 47.00, 0.00, 0.10, 5.37, 1.76
0.86, 88.00, 94.00, 47.00, 0.00, 0.10, 6.33, 1.06
0.86, 88.00, 94.00, 47.00, 0.00, 0.10, 7.03, 5.81
0.82, 12.50, 18.50, 47.00, 0.00, 0.10, 3.80, 4.61
0.82, 12.50, 18.50, 47.00, 0.00, 0.10, 2.80, 8.61
0.82, 12.50, 18.50, 47.00, 0.00, 0.10, 3.59, 7.57
0.82, 12.50, 18.50, 47.00, 0.00, 0.10, 4.24, 5.16
0.79, 37.00, 43.00, 47.00, 0.00, 0.10, 6.86, 4.25
0.79, 37.00, 43.00, 47.00, 0.00, 0.10, 5.89, 3.30
0.79, 37.00, 43.00, 47.00, 0.00, 0.10, 5.45, 1.86
0.79, 37.00, 43.00, 47.00, 0.00, 0.10, 7.10, 5.29
0.76, 61.50, 16.50, 22.50, 0.00, 0.10, 3.08, 4.11
0.76, 61.50, 16.50, 22.50, 0.00, 0.10, 2.38, 3.62
0.76, 61.50, 16.50, 22.50, 0.00, 0.10, 3.09, 3.89
0.76, 61.50, 16.50, 22.50, 0.00, 0.10, 2.31, 4.05
0.74, 86.00, 45.00, 20.50, 0.50, 0.10, 0.08, 3.20
0.74, 86.00, 45.00, 20.50, 0.50, 0.10, 0.15, 3.36
0.74, 86.00, 45.00, 20.50, 0.50, 0.10, 0.07, 3.21
0.74, 86.00, 45.00, 20.50, 0.50, 0.10, 0.14, 3.53
0.71, 10.50, 69.50, 20.50, 0.50, 0.10, 0.66, 3.67
0.71, 10.50, 69.50, 20.50, 0.50, 0.10, 0.68, 4.12
0.71, 10.50, 69.50, 20.50, 0.50, 0.10, 0.53, 3.79
0.71, 10.50, 69.50, 20.50, 0.50, 0.10, 0.72, 4.20
0.69, 35.00, 94.00, 20.50, 0.50, 0.10, 1.18, 4.29
0.69, 35.00, 94.00, 20.50, 0.50, 0.10, 1.22, 4.49
0.69, 35.00, 94.00, 20.50, 0.50, 0.10, 1.07, 4.42
0.69, 35.00, 94.00, 20.50, 0.50, 0.10, 1.20, 4.73
0.66, 59.50, 18.50, 20.50, 0.50, 0.10, 1.44, 4.86
0.66, 59.50, 18.50, 20.50, 0.50, 0.10, 1.42, 4.67
0.66, 59.50, 18.50, 20.50, 0.50, 0.10, 1.33, 5.00
0.66, 59.50, 18.50, 20.50, 0.50, 0.10, 1.43, 4.83
0.64, 84.00, 43.00, 20.50, 0.50, 0.10, 5.40, 9.24
0.64, 84.00, 43.00, 20.50, 0.50, 0.10, 5.19, 9.25
0.64, 84.00, 43.00, 20.50, 0.50, 0.10, 5.32, 9.42
0.64, 84.00, 43.00, 20.50, 0.50, 0.10, 5.16, 9.48
0.62, 08.50, 67.50, 20.50, 0.50, 0.10, 2.85, 4.37
0.62, 08.50, 67.50, 20.50, 0.50, 0.10, 3.04, 4.34
0.62, 08.50, 67.50, 20.50, 0.50, 0.10, 3.00, 4.28
0.62, 08.50, 67.50, 20.50, 0.50, 0.10, 3.00, 4.47
0.98, 14.50, 94.00, 10.25, 0.00, 0.10, 4.35, 5.64
0.98, 14.50, 94.00, 10.25, 0.00, 0.10, 4.33, 5.98
0.98, 14.50, 94.00, 10.25, 0.00, 0.10, 4.03, 5.88
0.98, 14.50, 94.00, 10.25, 0.00, 0.10, 4.26, 6.18
0.90, 63.50, 18.50, 22.50, 0.00, 0.10, 9.83, 9.82
0.90, 63.50, 18.50, 22.50, 0.00, 0.10, 9.08, 9.52
0.90, 63.50, 18.50, 22.50, 0.00, 0.10, 8.03, 4.45
0.90, 63.50, 18.50, 22.50, 0.00, 0.10, 9.02, 3.01
0.86, 88.00, 94.00, 47.00, 0.00, 0.10, 7.03, 5.82
0.86, 88.00, 94.00, 47.00, 0.00, 0.10, 6.45, 7.33
0.86, 88.00, 94.00, 47.00, 0.00, 0.10, 5.36, 2.04
0.86, 88.00, 94.00, 47.00, 0.00, 0.10, 6.45, 1.28
0.82, 12.50, 18.50, 47.00, 0.00, 0.10, 4.37, 5.11
0.82, 12.50, 18.50, 47.00, 0.00, 0.10, 3.89, 4.77
0.82, 12.50, 18.50, 47.00, 0.00, 0.10, 2.89, 8.88
0.82, 12.50, 18.50, 47.00, 0.00, 0.10, 3.86, 7.69
0.79, 37.00, 43.00, 47.00, 0.00, 0.10, 7.03, 4.99
0.79, 37.00, 43.00, 47.00, 0.00, 0.10, 6.71, 4.18
0.79, 37.00, 43.00, 47.00, 0.00, 0.10, 6.77, 3.14
0.79, 37.00, 43.00, 47.00, 0.00, 0.10, 5.48, 1.26
0.76, 61.50, 16.50, 22.50, 0.00, 0.10, 2.31, 4.25
0.76, 61.50, 16.50, 22.50, 0.00, 0.10, 3.21, 4.35
0.76, 61.50, 16.50, 22.50, 0.00, 0.10, 2.46, 3.64
0.76, 61.50, 16.50, 22.50, 0.00, 0.10, 3.27, 3.88
0.74, 86.00, 45.00, 20.50, 0.50, 0.10, 0.47, 3.65
0.74, 86.00, 45.00, 20.50, 0.50, 0.10, 0.37, 3.44
0.74, 86.00, 45.00, 20.50, 0.50, 0.10, 0.34, 3.72
0.74, 86.00, 45.00, 20.50, 0.50, 0.10, 0.39, 3.50
0.71, 10.50, 69.50, 20.50, 0.50, 0.10, 0.78, 4.18
0.71, 10.50, 69.50, 20.50, 0.50, 0.10, 0.70, 3.75
0.71, 10.50, 69.50, 20.50, 0.50, 0.10, 0.67, 4.26
0.71, 10.50, 69.50, 20.50, 0.50, 0.10, 3.69, 3.89
0.69, 35.00, 94.00, 20.50, 0.50, 0.10, 1.21, 4.55
0.69, 35.00, 94.00, 20.50, 0.50, 0.10, 1.14, 4.28
0.69, 35.00, 94.00, 20.50, 0.50, 0.10, 1.11, 4.46
0.69, 35.00, 94.00, 20.50, 0.50, 0.10, 1.16, 4.39
0.66, 59.50, 18.50, 20.50, 0.50, 0.10, 1.38, 4.54
0.66, 59.50, 18.50, 20.50, 0.50, 0.10, 1.34, 4.81
0.66, 59.50, 18.50, 20.50, 0.50, 0.10, 1.22, 4.65
0.66, 59.50, 18.50, 20.50, 0.50, 0.10, 1.34, 4.87
0.64, 84.00, 43.00, 20.50, 0.50, 0.10, 5.16, 9.24
0.64, 84.00, 43.00, 20.50, 0.50, 0.10, 5.37, 9.18
0.64, 84.00, 43.00, 20.50, 0.50, 0.10, 5.12, 9.26
0.64, 84.00, 43.00, 20.50, 0.50, 0.10, 5.36, 9.29
0.62, 08.50, 67.50, 20.50, 0.50, 0.10, 2.59, 4.24
0.62, 08.50, 67.50, 20.50, 0.50, 0.10, 2.74, 3.97
0.62, 08.50, 67.50, 20.50, 0.50, 0.10, 2.80, 3.99
0.62, 08.50, 67.50, 20.50, 0.50, 0.10, 2.62, 4.15
0.98, 14.50, 94.00, 10.25, 0.00, 0.25, 8.15, 9.79
0.98, 14.50, 94.00, 10.25, 0.00, 0.25, 8.15, 9.79
0.98, 14.50, 94.00, 10.25, 0.00, 0.25, 8.37, 9.28
0.98, 14.50, 94.00, 10.25, 0.00, 0.25, 8.41, 9.49
0.90, 63.50, 18.50, 22.50, 0.00, 0.25, 2.68, 6.12
0.90, 63.50, 18.50, 22.50, 0.00, 0.25, 3.48, 3.17
0.90, 63.50, 18.50, 22.50, 0.00, 0.25, 2.84, 2.71
0.90, 63.50, 18.50, 22.50, 0.00, 0.25, 2.00, 7.58
0.86, 88.00, 94.00, 47.00, 0.00, 0.25, 9.54, 3.98
0.86, 88.00, 94.00, 47.00, 0.00, 0.25, 0.05, 8.61
0.86, 88.00, 94.00, 47.00, 0.00, 0.25, 9.60, 0.12
0.86, 88.00, 94.00, 47.00, 0.00, 0.25, 8.66, 4.73
0.82, 12.50, 18.50, 47.00, 0.00, 0.25, 6.84, 0.17
0.82, 12.50, 18.50, 47.00, 0.00, 0.25, 7.27, 7.84
0.82, 12.50, 18.50, 47.00, 0.00, 0.25, 6.97, 7.25
0.82, 12.50, 18.50, 47.00, 0.00, 0.25, 6.19, 1.39
0.79, 37.00, 43.00, 47.00, 0.00, 0.25, 8.67, 3.80
0.79, 37.00, 43.00, 47.00, 0.00, 0.25, 0.03, 7.81
0.79, 37.00, 43.00, 47.00, 0.00, 0.25, 9.86, 6.85
0.79, 37.00, 43.00, 47.00, 0.00, 0.25, 9.04, 5.52
0.76, 61.50, 16.50, 22.50, 0.00, 0.25, 6.96, 6.85
0.76, 61.50, 16.50, 22.50, 0.00, 0.25, 6.13, 7.58
0.76, 61.50, 16.50, 22.50, 0.00, 0.25, 6.91, 7.45
0.76, 61.50, 16.50, 22.50, 0.00, 0.25, 6.43, 6.62
0.74, 86.00, 45.00, 20.50, 0.50, 0.25, 2.43, 5.19
0.74, 86.00, 45.00, 20.50, 0.50, 0.25, 2.50, 5.50
0.74, 86.00, 45.00, 20.50, 0.50, 0.25, 2.41, 5.28
0.74, 86.00, 45.00, 20.50, 0.50, 0.25, 2.45, 5.50
0.71, 10.50, 69.50, 20.50, 0.50, 0.25, 2.57, 5.42
0.71, 10.50, 69.50, 20.50, 0.50, 0.25, 2.65, 5.85
0.71, 10.50, 69.50, 20.50, 0.50, 0.25, 2.57, 5.44
0.71, 10.50, 69.50, 20.50, 0.50, 0.25, 2.63, 5.81
0.69, 35.00, 94.00, 20.50, 0.50, 0.25, 2.78, 5.21
0.69, 35.00, 94.00, 20.50, 0.50, 0.25, 2.93, 5.63
0.69, 35.00, 94.00, 20.50, 0.50, 0.25, 2.73, 5.48
0.69, 35.00, 94.00, 20.50, 0.50, 0.25, 2.72, 5.78
0.66, 59.50, 18.50, 20.50, 0.50, 0.25, 3.17, 6.39
0.66, 59.50, 18.50, 20.50, 0.50, 0.25, 3.18, 6.27
0.66, 59.50, 18.50, 20.50, 0.50, 0.25, 3.17, 6.39
0.66, 59.50, 18.50, 20.50, 0.50, 0.25, 3.18, 6.19
0.64, 84.00, 43.00, 20.50, 0.50, 0.25, 7.50, 1.13
0.64, 84.00, 43.00, 20.50, 0.50, 0.25, 7.35, 1.19
0.64, 84.00, 43.00, 20.50, 0.50, 0.25, 7.52, 1.09
0.64, 84.00, 43.00, 20.50, 0.50, 0.25, 7.37, 1.08
0.62, 08.50, 67.50, 20.50, 0.50, 0.25, 5.09, 5.77
0.62, 08.50, 67.50, 20.50, 0.50, 0.25, 5.12, 5.95
0.62, 08.50, 67.50, 20.50, 0.50, 0.25, 5.08, 5.77
0.62, 08.50, 67.50, 20.50, 0.50, 0.25, 5.16, 5.76
0.98, 14.50, 94.00, 10.25, 0.00, 0.25, 8.67, 9.62
0.98, 14.50, 94.00, 10.25, 0.00, 0.25, 8.57, 9.69
0.98, 14.50, 94.00, 10.25, 0.00, 0.25, 8.18, 0.18
0.98, 14.50, 94.00, 10.25, 0.00, 0.25, 8.60, 0.02
0.90, 63.50, 18.50, 22.50, 0.00, 0.25, 2.46, 5.56
0.90, 63.50, 18.50, 22.50, 0.00, 0.25, 3.27, 2.64
0.90, 63.50, 18.50, 22.50, 0.00, 0.25, 2.33, 2.77
0.90, 63.50, 18.50, 22.50, 0.00, 0.25, 1.66, 7.72
0.86, 88.00, 94.00, 47.00, 0.00, 0.25, 9.34, 3.37
0.86, 88.00, 94.00, 47.00, 0.00, 0.25, 9.87, 7.89
0.86, 88.00, 94.00, 47.00, 0.00, 0.25, 9.27, 9.90
0.86, 88.00, 94.00, 47.00, 0.00, 0.25, 8.40, 4.52
0.82, 12.50, 18.50, 47.00, 0.00, 0.25, 5.74, 8.27
0.82, 12.50, 18.50, 47.00, 0.00, 0.25, 5.98, 6.96
0.82, 12.50, 18.50, 47.00, 0.00, 0.25, 5.38, 6.72
0.82, 12.50, 18.50, 47.00, 0.00, 0.25, 4.94, 9.88
0.79, 37.00, 43.00, 47.00, 0.00, 0.25, 8.57, 3.86
0.79, 37.00, 43.00, 47.00, 0.00, 0.25, 0.19, 7.41
0.79, 37.00, 43.00, 47.00, 0.00, 0.25, 9.97, 6.77
0.79, 37.00, 43.00, 47.00, 0.00, 0.25, 8.98, 5.97
0.76, 61.50, 16.50, 22.50, 0.00, 0.25, 6.95, 6.87
0.76, 61.50, 16.50, 22.50, 0.00, 0.25, 6.28, 7.35
0.76, 61.50, 16.50, 22.50, 0.00, 0.25, 6.86, 7.28
0.76, 61.50, 16.50, 22.50, 0.00, 0.25, 6.45, 6.81
0.74, 86.00, 45.00, 20.50, 0.50, 0.25, 2.35, 4.73
0.74, 86.00, 45.00, 20.50, 0.50, 0.25, 2.45, 5.10
0.74, 86.00, 45.00, 20.50, 0.50, 0.25, 2.16, 5.18
0.74, 86.00, 45.00, 20.50, 0.50, 0.25, 2.30, 5.44
0.71, 10.50, 69.50, 20.50, 0.50, 0.25, 2.33, 4.91
0.71, 10.50, 69.50, 20.50, 0.50, 0.25, 2.29, 5.40
0.71, 10.50, 69.50, 20.50, 0.50, 0.25, 2.20, 4.94
0.71, 10.50, 69.50, 20.50, 0.50, 0.25, 2.49, 5.32
0.69, 35.00, 94.00, 20.50, 0.50, 0.25, 2.85, 5.52
0.69, 35.00, 94.00, 20.50, 0.50, 0.25, 2.87, 5.85
0.69, 35.00, 94.00, 20.50, 0.50, 0.25, 2.73, 5.66
0.69, 35.00, 94.00, 20.50, 0.50, 0.25, 2.95, 5.99
0.66, 59.50, 18.50, 20.50, 0.50, 0.25, 3.05, 5.89
0.66, 59.50, 18.50, 20.50, 0.50, 0.25, 2.93, 5.85
0.66, 59.50, 18.50, 20.50, 0.50, 0.25, 2.77, 6.22
0.66, 59.50, 18.50, 20.50, 0.50, 0.25, 3.00, 5.87
0.64, 84.00, 43.00, 20.50, 0.50, 0.25, 7.14, 0.47
0.64, 84.00, 43.00, 20.50, 0.50, 0.25, 6.84, 0.56
0.64, 84.00, 43.00, 20.50, 0.50, 0.25, 7.02, 0.48
0.64, 84.00, 43.00, 20.50, 0.50, 0.25, 7.11, 0.43
0.62, 08.50, 67.50, 20.50, 0.50, 0.25, 4.34, 5.32
0.62, 08.50, 67.50, 20.50, 0.50, 0.25, 4.66, 5.64
0.62, 08.50, 67.50, 20.50, 0.50, 0.25, 4.60, 5.14
0.62, 08.50, 67.50, 20.50, 0.50, 0.25, 4.60, 5.30
0.98, 14.50, 94.00, 10.25, 0.00, 0.25, 8.67, 9.43
0.98, 14.50, 94.00, 10.25, 0.00, 0.25, 8.56, 9.78
0.98, 14.50, 94.00, 10.25, 0.00, 0.25, 8.17, 0.10
0.98, 14.50, 94.00, 10.25, 0.00, 0.25, 8.63, 0.19
0.90, 63.50, 18.50, 22.50, 0.00, 0.25, 1.63, 6.35
0.90, 63.50, 18.50, 22.50, 0.00, 0.25, 2.40, 5.10
0.90, 63.50, 18.50, 22.50, 0.00, 0.25, 2.68, 2.83
0.90, 63.50, 18.50, 22.50, 0.00, 0.25, 2.29, 2.46
0.86, 88.00, 94.00, 47.00, 0.00, 0.25, 8.40, 3.52
0.86, 88.00, 94.00, 47.00, 0.00, 0.25, 9.40, 2.93
0.86, 88.00, 94.00, 47.00, 0.00, 0.25, 9.43, 8.38
0.86, 88.00, 94.00, 47.00, 0.00, 0.25, 9.07, 9.82
0.82, 12.50, 18.50, 47.00, 0.00, 0.25, 4.70, 8.77
0.82, 12.50, 18.50, 47.00, 0.00, 0.25, 5.48, 7.76
0.82, 12.50, 18.50, 47.00, 0.00, 0.25, 5.37, 6.95
0.82, 12.50, 18.50, 47.00, 0.00, 0.25, 5.17, 6.41
0.79, 37.00, 43.00, 47.00, 0.00, 0.25, 9.04, 5.13
0.79, 37.00, 43.00, 47.00, 0.00, 0.25, 8.35, 3.66
0.79, 37.00, 43.00, 47.00, 0.00, 0.25, 9.81, 7.76
0.79, 37.00, 43.00, 47.00, 0.00, 0.25, 9.83, 6.87
0.76, 61.50, 16.50, 22.50, 0.00, 0.25, 5.99, 6.07
0.76, 61.50, 16.50, 22.50, 0.00, 0.25, 6.59, 6.44
0.76, 61.50, 16.50, 22.50, 0.00, 0.25, 5.64, 7.28
0.76, 61.50, 16.50, 22.50, 0.00, 0.25, 6.52, 7.29
0.74, 86.00, 45.00, 20.50, 0.50, 0.25, 1.80, 4.49
0.74, 86.00, 45.00, 20.50, 0.50, 0.25, 2.03, 3.79
0.74, 86.00, 45.00, 20.50, 0.50, 0.25, 1.98, 4.72
0.74, 86.00, 45.00, 20.50, 0.50, 0.25, 1.69, 4.76
0.71, 10.50, 69.50, 20.50, 0.50, 0.25, 2.41, 4.92
0.71, 10.50, 69.50, 20.50, 0.50, 0.25, 2.28, 4.74
0.71, 10.50, 69.50, 20.50, 0.50, 0.25, 2.10, 5.57
0.71, 10.50, 69.50, 20.50, 0.50, 0.25, 2.19, 4.94
0.69, 35.00, 94.00, 20.50, 0.50, 0.25, 2.34, 4.92
0.69, 35.00, 94.00, 20.50, 0.50, 0.25, 2.46, 4.38
0.69, 35.00, 94.00, 20.50, 0.50, 0.25, 2.31, 5.44
0.69, 35.00, 94.00, 20.50, 0.50, 0.25, 2.12, 5.17
0.66, 59.50, 18.50, 20.50, 0.50, 0.25, 2.97, 5.53
0.66, 59.50, 18.50, 20.50, 0.50, 0.25, 3.01, 5.80
0.66, 59.50, 18.50, 20.50, 0.50, 0.25, 2.74, 6.14
0.66, 59.50, 18.50, 20.50, 0.50, 0.25, 2.84, 6.26
0.64, 84.00, 43.00, 20.50, 0.50, 0.25, 6.83, 9.87
0.64, 84.00, 43.00, 20.50, 0.50, 0.25, 6.93, 0.03
0.64, 84.00, 43.00, 20.50, 0.50, 0.25, 6.66, 0.46
0.64, 84.00, 43.00, 20.50, 0.50, 0.25, 6.86, 0.28
0.62, 08.50, 67.50, 20.50, 0.50, 0.25, 3.91, 4.89
0.62, 08.50, 67.50, 20.50, 0.50, 0.25, 4.34, 4.96
0.62, 08.50, 67.50, 20.50, 0.50, 0.25, 3.95, 4.89
0.62, 08.50, 67.50, 20.50, 0.50, 0.25, 3.99, 4.35
0.98, 14.50, 94.00, 10.25, 0.00, 0.25, 8.70, 9.61
0.98, 14.50, 94.00, 10.25, 0.00, 0.25, 8.55, 9.59
0.98, 14.50, 94.00, 10.25, 0.00, 0.25, 8.15, 0.19
0.98, 14.50, 94.00, 10.25, 0.00, 0.25, 8.62, 0.12
0.90, 63.50, 18.50, 22.50, 0.00, 0.25, 2.67, 2.12
0.90, 63.50, 18.50, 22.50, 0.00, 0.25, 1.69, 7.12
0.90, 63.50, 18.50, 22.50, 0.00, 0.25, 2.07, 6.16
0.90, 63.50, 18.50, 22.50, 0.00, 0.25, 3.28, 3.16
0.86, 88.00, 94.00, 47.00, 0.00, 0.25, 9.47, 9.45
0.86, 88.00, 94.00, 47.00, 0.00, 0.25, 8.42, 4.19
0.86, 88.00, 94.00, 47.00, 0.00, 0.25, 9.08, 3.93
0.86, 88.00, 94.00, 47.00, 0.00, 0.25, 9.88, 8.31
0.82, 12.50, 18.50, 47.00, 0.00, 0.25, 5.66, 6.30
0.82, 12.50, 18.50, 47.00, 0.00, 0.25, 4.96, 9.43
0.82, 12.50, 18.50, 47.00, 0.00, 0.25, 5.43, 8.76
0.82, 12.50, 18.50, 47.00, 0.00, 0.25, 6.00, 7.34
0.79, 37.00, 43.00, 47.00, 0.00, 0.25, 0.00, 6.26
0.79, 37.00, 43.00, 47.00, 0.00, 0.25, 8.84, 5.48
0.79, 37.00, 43.00, 47.00, 0.00, 0.25, 8.33, 4.16
0.79, 37.00, 43.00, 47.00, 0.00, 0.25, 0.12, 7.26
0.76, 61.50, 16.50, 22.50, 0.00, 0.25, 6.95, 7.20
0.76, 61.50, 16.50, 22.50, 0.00, 0.25, 6.45, 6.76
0.76, 61.50, 16.50, 22.50, 0.00, 0.25, 6.81, 7.05
0.76, 61.50, 16.50, 22.50, 0.00, 0.25, 6.26, 7.51
0.74, 86.00, 45.00, 20.50, 0.50, 0.25, 2.32, 4.92
0.74, 86.00, 45.00, 20.50, 0.50, 0.25, 2.30, 5.24
0.74, 86.00, 45.00, 20.50, 0.50, 0.25, 2.18, 5.03
0.74, 86.00, 45.00, 20.50, 0.50, 0.25, 2.43, 5.35
0.71, 10.50, 69.50, 20.50, 0.50, 0.25, 2.36, 4.67
0.71, 10.50, 69.50, 20.50, 0.50, 0.25, 2.49, 5.09
0.71, 10.50, 69.50, 20.50, 0.50, 0.25, 2.17, 5.20
0.71, 10.50, 69.50, 20.50, 0.50, 0.25, 2.28, 5.64
0.69, 35.00, 94.00, 20.50, 0.50, 0.25, 2.91, 5.37
0.69, 35.00, 94.00, 20.50, 0.50, 0.25, 2.95, 5.73
0.69, 35.00, 94.00, 20.50, 0.50, 0.25, 2.67, 5.83
0.69, 35.00, 94.00, 20.50, 0.50, 0.25, 2.86, 6.13
0.66, 59.50, 18.50, 20.50, 0.50, 0.25, 2.95, 5.95
0.66, 59.50, 18.50, 20.50, 0.50, 0.25, 3.00, 5.59
0.66, 59.50, 18.50, 20.50, 0.50, 0.25, 2.86, 6.17
0.66, 59.50, 18.50, 20.50, 0.50, 0.25, 2.92, 6.14
0.64, 84.00, 43.00, 20.50, 0.50, 0.25, 6.99, 9.65
0.64, 84.00, 43.00, 20.50, 0.50, 0.25, 6.69, 9.76
0.64, 84.00, 43.00, 20.50, 0.50, 0.25, 6.56, 0.37
0.64, 84.00, 43.00, 20.50, 0.50, 0.25, 6.62, 9.90
0.62, 08.50, 67.50, 20.50, 0.50, 0.25, 4.33, 5.41
0.62, 08.50, 67.50, 20.50, 0.50, 0.25, 4.61, 5.56
0.62, 08.50, 67.50, 20.50, 0.50, 0.25, 4.61, 5.07
0.62, 08.50, 67.50, 20.50, 0.50, 0.25, 4.65, 5.38
0.98, 14.50, 94.00, 10.25, 0.00, 0.25, 8.69, 9.53
0.98, 14.50, 94.00, 10.25, 0.00, 0.25, 8.58, 9.77
0.98, 14.50, 94.00, 10.25, 0.00, 0.25, 8.15, 0.00
0.98, 14.50, 94.00, 10.25, 0.00, 0.25, 8.61, 0.20
0.90, 63.50, 18.50, 22.50, 0.00, 0.25, 3.13, 2.25
0.90, 63.50, 18.50, 22.50, 0.00, 0.25, 2.31, 2.00
0.90, 63.50, 18.50, 22.50, 0.00, 0.25, 1.53, 7.19
0.90, 63.50, 18.50, 22.50, 0.00, 0.25, 2.46, 5.62
0.86, 88.00, 94.00, 47.00, 0.00, 0.25, 9.71, 8.02
0.86, 88.00, 94.00, 47.00, 0.00, 0.25, 9.09, 9.43
0.86, 88.00, 94.00, 47.00, 0.00, 0.25, 8.31, 4.15
0.86, 88.00, 94.00, 47.00, 0.00, 0.25, 9.39, 3.47
0.82, 12.50, 18.50, 47.00, 0.00, 0.25, 5.70, 6.53
0.82, 12.50, 18.50, 47.00, 0.00, 0.25, 5.17, 6.08
0.82, 12.50, 18.50, 47.00, 0.00, 0.25, 4.60, 9.31
0.82, 12.50, 18.50, 47.00, 0.00, 0.25, 5.49, 8.14
0.79, 37.00, 43.00, 47.00, 0.00, 0.25, 9.89, 7.54
0.79, 37.00, 43.00, 47.00, 0.00, 0.25, 9.83, 6.66
0.79, 37.00, 43.00, 47.00, 0.00, 0.25, 9.01, 5.28
0.79, 37.00, 43.00, 47.00, 0.00, 0.25, 8.65, 3.73
0.76, 61.50, 16.50, 22.50, 0.00, 0.25, 5.69, 6.93
0.76, 61.50, 16.50, 22.50, 0.00, 0.25, 6.64, 7.01
0.76, 61.50, 16.50, 22.50, 0.00, 0.25, 6.06, 5.73
0.76, 61.50, 16.50, 22.50, 0.00, 0.25, 6.70, 6.15
0.74, 86.00, 45.00, 20.50, 0.50, 0.25, 2.12, 4.48
0.74, 86.00, 45.00, 20.50, 0.50, 0.25, 1.67, 4.58
0.74, 86.00, 45.00, 20.50, 0.50, 0.25, 1.64, 4.81
0.74, 86.00, 45.00, 20.50, 0.50, 0.25, 2.02, 4.03
0.71, 10.50, 69.50, 20.50, 0.50, 0.25, 2.27, 5.27
0.71, 10.50, 69.50, 20.50, 0.50, 0.25, 2.19, 4.71
0.71, 10.50, 69.50, 20.50, 0.50, 0.25, 2.25, 5.23
0.71, 10.50, 69.50, 20.50, 0.50, 0.25, 2.27, 4.97
0.69, 35.00, 94.00, 20.50, 0.50, 0.25, 2.47, 5.14
0.69, 35.00, 94.00, 20.50, 0.50, 0.25, 2.12, 4.97
0.69, 35.00, 94.00, 20.50, 0.50, 0.25, 2.18, 5.22
0.69, 35.00, 94.00, 20.50, 0.50, 0.25, 2.47, 4.60
0.66, 59.50, 18.50, 20.50, 0.50, 0.25, 2.93, 5.83
0.66, 59.50, 18.50, 20.50, 0.50, 0.25, 2.82, 6.03
0.66, 59.50, 18.50, 20.50, 0.50, 0.25, 2.78, 5.80
0.66, 59.50, 18.50, 20.50, 0.50, 0.25, 3.02, 6.06
0.64, 84.00, 43.00, 20.50, 0.50, 0.25, 6.73, 0.13
0.64, 84.00, 43.00, 20.50, 0.50, 0.25, 6.86, 0.01
0.64, 84.00, 43.00, 20.50, 0.50, 0.25, 6.76, 0.19
0.64, 84.00, 43.00, 20.50, 0.50, 0.25, 6.92, 0.29
0.62, 08.50, 67.50, 20.50, 0.50, 0.25, 3.68, 5.19
0.62, 08.50, 67.50, 20.50, 0.50, 0.25, 3.99, 4.61
0.62, 08.50, 67.50, 20.50, 0.50, 0.25, 4.16, 4.61
0.62, 08.50, 67.50, 20.50, 0.50, 0.25, 3.86, 4.75
0.98, 14.50, 94.00, 10.25, 0.00, 0.40, 2.26, 3.37
0.98, 14.50, 94.00, 10.25, 0.00, 0.40, 2.26, 3.34
0.98, 14.50, 94.00, 10.25, 0.00, 0.40, 2.49, 2.83
0.98, 14.50, 94.00, 10.25, 0.00, 0.40, 2.53, 3.04
0.90, 63.50, 18.50, 22.50, 0.00, 0.40, 6.47, 9.28
0.90, 63.50, 18.50, 22.50, 0.00, 0.40, 7.24, 6.38
0.90, 63.50, 18.50, 22.50, 0.00, 0.40, 6.66, 5.92
0.90, 63.50, 18.50, 22.50, 0.00, 0.40, 5.96, 0.99
0.86, 88.00, 94.00, 47.00, 0.00, 0.40, 1.89, 5.99
0.86, 88.00, 94.00, 47.00, 0.00, 0.40, 2.39, 0.66
0.86, 88.00, 94.00, 47.00, 0.00, 0.40, 2.09, 1.70
0.86, 88.00, 94.00, 47.00, 0.00, 0.40, 1.29, 6.73
0.82, 12.50, 18.50, 47.00, 0.00, 0.40, 9.22, 1.71
0.82, 12.50, 18.50, 47.00, 0.00, 0.40, 9.91, 9.13
0.82, 12.50, 18.50, 47.00, 0.00, 0.40, 9.53, 8.99
0.82, 12.50, 18.50, 47.00, 0.00, 0.40, 8.65, 3.54
0.79, 37.00, 43.00, 47.00, 0.00, 0.40, 1.40, 5.29
0.79, 37.00, 43.00, 47.00, 0.00, 0.40, 2.62, 9.07
0.79, 37.00, 43.00, 47.00, 0.00, 0.40, 2.50, 8.35
0.79, 37.00, 43.00, 47.00, 0.00, 0.40, 1.67, 6.94
0.76, 61.50, 16.50, 22.50, 0.00, 0.40, 0.78, 9.55
0.76, 61.50, 16.50, 22.50, 0.00, 0.40, 9.97, 0.85
0.76, 61.50, 16.50, 22.50, 0.00, 0.40, 0.71, 0.63
0.76, 61.50, 16.50, 22.50, 0.00, 0.40, 0.43, 9.48
0.74, 86.00, 45.00, 20.50, 0.50, 0.40, 4.52, 6.94
0.74, 86.00, 45.00, 20.50, 0.50, 0.40, 4.61, 7.25
0.74, 86.00, 45.00, 20.50, 0.50, 0.40, 4.50, 7.03
0.74, 86.00, 45.00, 20.50, 0.50, 0.40, 4.55, 7.25
0.71, 10.50, 69.50, 20.50, 0.50, 0.40, 4.51, 7.10
0.71, 10.50, 69.50, 20.50, 0.50, 0.40, 4.60, 7.51
0.71, 10.50, 69.50, 20.50, 0.50, 0.40, 4.50, 7.12
0.71, 10.50, 69.50, 20.50, 0.50, 0.40, 4.58, 7.47
0.69, 35.00, 94.00, 20.50, 0.50, 0.40, 4.51, 6.50
0.69, 35.00, 94.00, 20.50, 0.50, 0.40, 4.70, 7.00
0.69, 35.00, 94.00, 20.50, 0.50, 0.40, 4.42, 6.87
0.69, 35.00, 94.00, 20.50, 0.50, 0.40, 4.42, 7.20
0.66, 59.50, 18.50, 20.50, 0.50, 0.40, 5.23, 8.14
0.66, 59.50, 18.50, 20.50, 0.50, 0.40, 5.23, 8.03
0.66, 59.50, 18.50, 20.50, 0.50, 0.40, 5.23, 8.14
0.66, 59.50, 18.50, 20.50, 0.50, 0.40, 5.23, 7.95
0.64, 84.00, 43.00, 20.50, 0.50, 0.40, 9.52, 2.72
0.64, 84.00, 43.00, 20.50, 0.50, 0.40, 9.36, 2.73
0.64, 84.00, 43.00, 20.50, 0.50, 0.40, 9.48, 2.72
0.64, 84.00, 43.00, 20.50, 0.50, 0.40, 9.42, 2.53
0.62, 08.50, 67.50, 20.50, 0.50, 0.40, 5.09, 7.20
0.62, 08.50, 67.50, 20.50, 0.50, 0.40, 7.17, 7.21
0.62, 08.50, 67.50, 20.50, 0.50, 0.40, 7.14, 7.15
0.62, 08.50, 67.50, 20.50, 0.50, 0.40, 7.14, 7.20
0.98, 14.50, 94.00, 10.25, 0.00, 0.40, 2.82, 2.96
0.98, 14.50, 94.00, 10.25, 0.00, 0.40, 2.71, 3.13
0.98, 14.50, 94.00, 10.25, 0.00, 0.40, 2.24, 3.94
0.98, 14.50, 94.00, 10.25, 0.00, 0.40, 2.72, 3.78
0.90, 63.50, 18.50, 22.50, 0.00, 0.40, 5.84, 8.35
0.90, 63.50, 18.50, 22.50, 0.00, 0.40, 6.57, 5.39
0.90, 63.50, 18.50, 22.50, 0.00, 0.40, 6.06, 4.94
0.90, 63.50, 18.50, 22.50, 0.00, 0.40, 5.69, 0.66
0.86, 88.00, 94.00, 47.00, 0.00, 0.40, 2.48, 5.48
0.86, 88.00, 94.00, 47.00, 0.00, 0.40, 2.74, 0.53
0.86, 88.00, 94.00, 47.00, 0.00, 0.40, 2.13, 2.28
0.86, 88.00, 94.00, 47.00, 0.00, 0.40, 1.64, 6.86
0.82, 12.50, 18.50, 47.00, 0.00, 0.40, 8.95, 0.34
0.82, 12.50, 18.50, 47.00, 0.00, 0.40, 9.49, 7.93
0.82, 12.50, 18.50, 47.00, 0.00, 0.40, 8.64, 8.95
0.82, 12.50, 18.50, 47.00, 0.00, 0.40, 8.01, 2.92
0.79, 37.00, 43.00, 47.00, 0.00, 0.40, 1.64, 5.59
0.79, 37.00, 43.00, 47.00, 0.00, 0.40, 3.10, 9.41
0.79, 37.00, 43.00, 47.00, 0.00, 0.40, 2.74, 8.84
0.79, 37.00, 43.00, 47.00, 0.00, 0.40, 1.92, 8.03
0.76, 61.50, 16.50, 22.50, 0.00, 0.40, 0.78, 9.48
0.76, 61.50, 16.50, 22.50, 0.00, 0.40, 0.15, 0.40
0.76, 61.50, 16.50, 22.50, 0.00, 0.40, 0.57, 0.47
0.76, 61.50, 16.50, 22.50, 0.00, 0.40, 0.42, 9.70
0.74, 86.00, 45.00, 20.50, 0.50, 0.40, 4.54, 6.43
0.74, 86.00, 45.00, 20.50, 0.50, 0.40, 4.45, 6.93
0.74, 86.00, 45.00, 20.50, 0.50, 0.40, 4.18, 6.99
0.74, 86.00, 45.00, 20.50, 0.50, 0.40, 4.50, 7.03
0.71, 10.50, 69.50, 20.50, 0.50, 0.40, 4.70, 6.77
0.71, 10.50, 69.50, 20.50, 0.50, 0.40, 4.66, 7.37
0.71, 10.50, 69.50, 20.50, 0.50, 0.40, 4.40, 7.27
0.71, 10.50, 69.50, 20.50, 0.50, 0.40, 4.71, 7.51
0.69, 35.00, 94.00, 20.50, 0.50, 0.40, 4.75, 6.44
0.69, 35.00, 94.00, 20.50, 0.50, 0.40, 4.71, 7.01
0.69, 35.00, 94.00, 20.50, 0.50, 0.40, 4.33, 7.23
0.69, 35.00, 94.00, 20.50, 0.50, 0.40, 4.62, 7.22
0.66, 59.50, 18.50, 20.50, 0.50, 0.40, 5.34, 7.85
0.66, 59.50, 18.50, 20.50, 0.50, 0.40, 5.29, 7.89
0.66, 59.50, 18.50, 20.50, 0.50, 0.40, 5.09, 8.36
0.66, 59.50, 18.50, 20.50, 0.50, 0.40, 5.30, 8.15
0.64, 84.00, 43.00, 20.50, 0.50, 0.40, 9.20, 1.72
0.64, 84.00, 43.00, 20.50, 0.50, 0.40, 8.88, 2.07
0.64, 84.00, 43.00, 20.50, 0.50, 0.40, 8.90, 2.09
0.64, 84.00, 43.00, 20.50, 0.50, 0.40, 9.12, 1.93
0.62, 08.50, 67.50, 20.50, 0.50, 0.40, 6.76, 7.36
0.62, 08.50, 67.50, 20.50, 0.50, 0.40, 7.23, 7.38
0.62, 08.50, 67.50, 20.50, 0.50, 0.40, 7.26, 6.86
0.62, 08.50, 67.50, 20.50, 0.50, 0.40, 7.15, 6.99
0.98, 14.50, 94.00, 10.25, 0.00, 0.40, 2.82, 2.78
0.98, 14.50, 94.00, 10.25, 0.00, 0.40, 2.69, 3.24
0.98, 14.50, 94.00, 10.25, 0.00, 0.40, 2.23, 3.86
0.98, 14.50, 94.00, 10.25, 0.00, 0.40, 2.75, 4.00
0.90, 63.50, 18.50, 22.50, 0.00, 0.40, 4.24, 7.26
0.90, 63.50, 18.50, 22.50, 0.00, 0.40, 4.95, 5.04
0.90, 63.50, 18.50, 22.50, 0.00, 0.40, 5.05, 3.82
0.90, 63.50, 18.50, 22.50, 0.00, 0.40, 4.29, 3.31
0.86, 88.00, 94.00, 47.00, 0.00, 0.40, 1.28, 5.22
0.86, 88.00, 94.00, 47.00, 0.00, 0.40, 2.12, 4.70
0.86, 88.00, 94.00, 47.00, 0.00, 0.40, 2.05, 0.11
0.86, 88.00, 94.00, 47.00, 0.00, 0.40, 1.84, 1.60
0.82, 12.50, 18.50, 47.00, 0.00, 0.40, 8.67, 2.43
0.82, 12.50, 18.50, 47.00, 0.00, 0.40, 9.67, 0.65
0.82, 12.50, 18.50, 47.00, 0.00, 0.40, 9.47, 9.77
0.82, 12.50, 18.50, 47.00, 0.00, 0.40, 8.91, 9.64
0.79, 37.00, 43.00, 47.00, 0.00, 0.40, 1.26, 6.44
0.79, 37.00, 43.00, 47.00, 0.00, 0.40, 1.30, 4.18
0.79, 37.00, 43.00, 47.00, 0.00, 0.40, 2.49, 8.81
0.79, 37.00, 43.00, 47.00, 0.00, 0.40, 2.08, 8.23
0.76, 61.50, 16.50, 22.50, 0.00, 0.40, 9.32, 8.17
0.76, 61.50, 16.50, 22.50, 0.00, 0.40, 9.84, 8.48
0.76, 61.50, 16.50, 22.50, 0.00, 0.40, 8.89, 9.66
0.76, 61.50, 16.50, 22.50, 0.00, 0.40, 9.68, 0.10
0.74, 86.00, 45.00, 20.50, 0.50, 0.40, 3.97, 6.08
0.74, 86.00, 45.00, 20.50, 0.50, 0.40, 4.22, 5.39
0.74, 86.00, 45.00, 20.50, 0.50, 0.40, 4.10, 6.57
0.74, 86.00, 45.00, 20.50, 0.50, 0.40, 3.78, 6.60
0.71, 10.50, 69.50, 20.50, 0.50, 0.40, 4.07, 6.11
0.71, 10.50, 69.50, 20.50, 0.50, 0.40, 4.03, 5.47
0.71, 10.50, 69.50, 20.50, 0.50, 0.40, 3.94, 6.70
0.71, 10.50, 69.50, 20.50, 0.50, 0.40, 3.86, 6.10
0.69, 35.00, 94.00, 20.50, 0.50, 0.40, 4.32, 6.35
0.69, 35.00, 94.00, 20.50, 0.50, 0.40, 4.56, 5.84
0.69, 35.00, 94.00, 20.50, 0.50, 0.40, 4.33, 6.99
0.69, 35.00, 94.00, 20.50, 0.50, 0.40, 4.08, 7.02
0.66, 59.50, 18.50, 20.50, 0.50, 0.40, 5.16, 7.04
0.66, 59.50, 18.50, 20.50, 0.50, 0.40, 5.18, 7.63
0.66, 59.50, 18.50, 20.50, 0.50, 0.40, 4.72, 8.10
0.66, 59.50, 18.50, 20.50, 0.50, 0.40, 4.90, 8.22
0.64, 84.00, 43.00, 20.50, 0.50, 0.40, 8.48, 0.78
0.64, 84.00, 43.00, 20.50, 0.50, 0.40, 8.71, 0.72
0.64, 84.00, 43.00, 20.50, 0.50, 0.40, 8.48, 1.54
0.64, 84.00, 43.00, 20.50, 0.50, 0.40, 8.46, 1.53
0.62, 08.50, 67.50, 20.50, 0.50, 0.40, 6.47, 6.90
0.62, 08.50, 67.50, 20.50, 0.50, 0.40, 6.35, 7.14
0.62, 08.50, 67.50, 20.50, 0.50, 0.40, 6.55, 6.56
0.62, 08.50, 67.50, 20.50, 0.50, 0.40, 6.74, 6.00
0.98, 14.50, 94.00, 10.25, 0.00, 0.40, 2.85, 2.95
0.98, 14.50, 94.00, 10.25, 0.00, 0.40, 2.67, 3.06
0.98, 14.50, 94.00, 10.25, 0.00, 0.40, 2.21, 3.95
0.98, 14.50, 94.00, 10.25, 0.00, 0.40, 2.74, 3.88
0.90, 63.50, 18.50, 22.50, 0.00, 0.40, 6.45, 3.98
0.90, 63.50, 18.50, 22.50, 0.00, 0.40, 5.73, 9.92
0.90, 63.50, 18.50, 22.50, 0.00, 0.40, 5.40, 9.22
0.90, 63.50, 18.50, 22.50, 0.00, 0.40, 6.57, 6.10
0.86, 88.00, 94.00, 47.00, 0.00, 0.40, 2.38, 1.53
0.86, 88.00, 94.00, 47.00, 0.00, 0.40, 1.66, 6.20
0.86, 88.00, 94.00, 47.00, 0.00, 0.40, 2.15, 6.21
0.86, 88.00, 94.00, 47.00, 0.00, 0.40, 2.75, 1.00
0.82, 12.50, 18.50, 47.00, 0.00, 0.40, 8.93, 8.20
0.82, 12.50, 18.50, 47.00, 0.00, 0.40, 8.05, 2.35
0.82, 12.50, 18.50, 47.00, 0.00, 0.40, 8.64, 1.14
0.82, 12.50, 18.50, 47.00, 0.00, 0.40, 9.52, 8.43
0.79, 37.00, 43.00, 47.00, 0.00, 0.40, 2.77, 8.33
0.79, 37.00, 43.00, 47.00, 0.00, 0.40, 1.73, 7.59
0.79, 37.00, 43.00, 47.00, 0.00, 0.40, 1.32, 6.23
0.79, 37.00, 43.00, 47.00, 0.00, 0.40, 2.96, 9.56
0.76, 61.50, 16.50, 22.50, 0.00, 0.40, 0.68, 0.36
0.76, 61.50, 16.50, 22.50, 0.00, 0.40, 0.40, 9.67
0.76, 61.50, 16.50, 22.50, 0.00, 0.40, 0.60, 9.85
0.76, 61.50, 16.50, 22.50, 0.00, 0.40, 0.11, 0.77
0.74, 86.00, 45.00, 20.50, 0.50, 0.40, 4.37, 6.61
0.74, 86.00, 45.00, 20.50, 0.50, 0.40, 4.48, 6.74
0.74, 86.00, 45.00, 20.50, 0.50, 0.40, 4.32, 6.90
0.74, 86.00, 45.00, 20.50, 0.50, 0.40, 4.44, 7.32
0.71, 10.50, 69.50, 20.50, 0.50, 0.40, 4.60, 6.85
0.71, 10.50, 69.50, 20.50, 0.50, 0.40, 4.70, 7.20
0.71, 10.50, 69.50, 20.50, 0.50, 0.40, 4.47, 7.23
0.71, 10.50, 69.50, 20.50, 0.50, 0.40, 4.66, 7.74
0.69, 35.00, 94.00, 20.50, 0.50, 0.40, 4.54, 6.81
0.69, 35.00, 94.00, 20.50, 0.50, 0.40, 4.62, 6.88
0.69, 35.00, 94.00, 20.50, 0.50, 0.40, 4.53, 6.90
0.69, 35.00, 94.00, 20.50, 0.50, 0.40, 4.71, 7.39
0.66, 59.50, 18.50, 20.50, 0.50, 0.40, 5.34, 7.86
0.66, 59.50, 18.50, 20.50, 0.50, 0.40, 5.29, 7.82
0.66, 59.50, 18.50, 20.50, 0.50, 0.40, 5.09, 8.36
0.66, 59.50, 18.50, 20.50, 0.50, 0.40, 5.30, 8.24
0.64, 84.00, 43.00, 20.50, 0.50, 0.40, 9.06, 1.68
0.64, 84.00, 43.00, 20.50, 0.50, 0.40, 9.13, 1.54
0.64, 84.00, 43.00, 20.50, 0.50, 0.40, 9.00, 2.25
0.64, 84.00, 43.00, 20.50, 0.50, 0.40, 8.84, 2.49
0.62, 08.50, 67.50, 20.50, 0.50, 0.40, 6.44, 7.10
0.62, 08.50, 67.50, 20.50, 0.50, 0.40, 6.90, 6.79
0.62, 08.50, 67.50, 20.50, 0.50, 0.40, 6.94, 6.58
0.62, 08.50, 67.50, 20.50, 0.50, 0.40, 6.77, 6.79
0.98, 14.50, 94.00, 10.25, 0.00, 0.40, 2.84, 2.88
0.98, 14.50, 94.00, 10.25, 0.00, 0.40, 2.72, 3.23
0.98, 14.50, 94.00, 10.25, 0.00, 0.40, 2.21, 3.76
0.98, 14.50, 94.00, 10.25, 0.00, 0.40, 2.73, 4.01
0.90, 63.50, 18.50, 22.50, 0.00, 0.40, 5.67, 3.94
0.90, 63.50, 18.50, 22.50, 0.00, 0.40, 5.01, 3.14
0.90, 63.50, 18.50, 22.50, 0.00, 0.40, 4.72, 8.79
0.90, 63.50, 18.50, 22.50, 0.00, 0.40, 5.24, 7.27
0.86, 88.00, 94.00, 47.00, 0.00, 0.40, 2.31, 9.69
0.86, 88.00, 94.00, 47.00, 0.00, 0.40, 1.81, 1.20
0.86, 88.00, 94.00, 47.00, 0.00, 0.40, 1.12, 6.26
0.86, 88.00, 94.00, 47.00, 0.00, 0.40, 2.06, 5.71
0.82, 12.50, 18.50, 47.00, 0.00, 0.40, 0.00, 9.93
0.82, 12.50, 18.50, 47.00, 0.00, 0.40, 9.50, 9.56
0.82, 12.50, 18.50, 47.00, 0.00, 0.40, 9.06, 3.84
0.82, 12.50, 18.50, 47.00, 0.00, 0.40, 9.92, 2.54
0.79, 37.00, 43.00, 47.00, 0.00, 0.40, 2.11, 8.56
0.79, 37.00, 43.00, 47.00, 0.00, 0.40, 1.96, 7.70
0.79, 37.00, 43.00, 47.00, 0.00, 0.40, 1.09, 7.01
0.79, 37.00, 43.00, 47.00, 0.00, 0.40, 0.79, 4.87
0.76, 61.50, 16.50, 22.50, 0.00, 0.40, 8.82, 9.37
0.76, 61.50, 16.50, 22.50, 0.00, 0.40, 9.72, 9.80
0.76, 61.50, 16.50, 22.50, 0.00, 0.40, 9.31, 7.79
0.76, 61.50, 16.50, 22.50, 0.00, 0.40, 9.86, 8.18
0.74, 86.00, 45.00, 20.50, 0.50, 0.40, 4.41, 6.69
0.74, 86.00, 45.00, 20.50, 0.50, 0.40, 4.19, 6.62
0.74, 86.00, 45.00, 20.50, 0.50, 0.40, 4.17, 6.94
0.74, 86.00, 45.00, 20.50, 0.50, 0.40, 4.39, 6.70
0.71, 10.50, 69.50, 20.50, 0.50, 0.40, 2.43, 5.59
0.71, 10.50, 69.50, 20.50, 0.50, 0.40, 2.63, 4.58
0.71, 10.50, 69.50, 20.50, 0.50, 0.40, 2.76, 5.33
0.71, 10.50, 69.50, 20.50, 0.50, 0.40, 2.42, 5.31
0.69, 35.00, 94.00, 20.50, 0.50, 0.40, 4.12, 6.63
0.69, 35.00, 94.00, 20.50, 0.50, 0.40, 4.28, 5.87
0.69, 35.00, 94.00, 20.50, 0.50, 0.40, 4.37, 6.54
0.69, 35.00, 94.00, 20.50, 0.50, 0.40, 4.21, 6.74
0.66, 59.50, 18.50, 20.50, 0.50, 0.40, 4.96, 7.64
0.66, 59.50, 18.50, 20.50, 0.50, 0.40, 4.92, 7.79
0.66, 59.50, 18.50, 20.50, 0.50, 0.40, 4.92, 7.55
0.66, 59.50, 18.50, 20.50, 0.50, 0.40, 5.16, 8.06
0.64, 84.00, 43.00, 20.50, 0.50, 0.40, 7.69, 0.82
0.64, 84.00, 43.00, 20.50, 0.50, 0.40, 8.19, 0.21
0.64, 84.00, 43.00, 20.50, 0.50, 0.40, 8.16, 0.71
0.64, 84.00, 43.00, 20.50, 0.50, 0.40, 7.88, 1.40
0.62, 08.50, 67.50, 20.50, 0.50, 0.40, 6.54, 6.88
0.62, 08.50, 67.50, 20.50, 0.50, 0.40, 6.44, 7.11
0.62, 08.50, 67.50, 20.50, 0.50, 0.40, 6.48, 6.61
0.62, 08.50, 67.50, 20.50, 0.50, 0.40, 6.64, 6.03